{"val_loss": [0.03553540816005224, 0.029354813162428446, 0.023858260116579696, 0.02200782613064616, 0.022309159306793384, 0.01973430000834613, 0.021018509446587574, 0.02069836607378008, 0.02023965983181937, 0.020548731120478395, 0.018591535249804586, 0.016945320786510266, 0.015865821283883773, 0.01523562478952301, 0.01729377140649236, 0.01532229083454889, 0.01573049779344573, 0.014675290749655066, 0.01678075623483612, 0.014167343660329398, 0.014445589938893532, 0.01562542104337396, 0.01474449196909992, 0.016061963913484644, 0.018732498200912762], "dice_coef": [0.025605573781680126, 0.08590174324617993, 0.16847440346227568, 0.2743442190301045, 0.32053925428711255, 0.3487547593801443, 0.3596370864318854, 0.3761234226243185, 0.3923499475594895, 0.4034515789150075, 0.4177306822307039, 0.43519383055319233, 0.45858443573443985, 0.4716015912604978, 0.48846598154819126, 0.5023432440149586, 0.5017547603620487, 0.5227813600269992, 0.5318965797265084, 0.5360565030768603, 0.5513569981458764, 0.5466430212861147, 0.572667793603963, 0.5808673463538401, 0.589056675396357], "val_dice_coef": [0.050576750085585646, 0.12974727340838593, 0.23046598360579237, 0.3109653359358637, 0.2744615568309768, 0.3594835546727364, 0.3486703050951672, 0.3017744263713686, 0.2542913070537596, 0.32667059731534404, 0.3280200860821284, 0.40623122561945874, 0.45504936397585094, 0.4456060898737011, 0.4575808054616309, 0.4777112895479569, 0.4698761162849573, 0.4944811476092053, 0.4694022699299022, 0.5140108798558896, 0.5031577633359493, 0.49642010217803156, 0.5287558105256822, 0.5155348163257297, 0.4716828141329635], "loss": [0.05867270560379418, 0.032762760750256824, 0.028124176498468982, 0.023813948174170603, 0.021787020251450913, 0.020521820791629793, 0.020107294709283463, 0.01930279190152202, 0.01866037356408908, 0.01799573264967209, 0.017550046987848348, 0.016677651388537156, 0.015876688409423544, 0.015400577604287546, 0.0147482103544582, 0.0142723907363312, 0.014344160575412683, 0.013599303516809238, 0.013111403545314471, 0.013022834098949537, 0.012498393300341266, 0.012615659728477328, 0.011658398753571055, 0.011445006188438057, 0.011112458511909144]}